Academic_Year,Institution_Type_EN,Institution_Type_AR,Campus_Zone_EN,Campus_Zone_AR,Coordinates,LocalFlag_EN,LocalFlag_AR,Gender_EN,Gender_AR,Bachelors,Certificate,Diploma,Doctorate,Graduate Certificate,Graduate Diploma,Higher Diploma,Masters,Other أخرى, Total 
2012-2013,Federal,اتحادية,Abu Dhabi,أبوظبي,"24.466667 , 54.366669",Expat,غير مواطن,Female,انثى,235,,,,,,,40,, 275 
2012-2013,Federal,اتحادية,Abu Dhabi,أبوظبي,"24.466667 , 54.366669",Expat,غير مواطن,Male,ذكر,126,,10,,,,1,42,, 179 
2012-2013,Federal,اتحادية,Abu Dhabi,أبوظبي,"24.466667 , 54.366669",Local,مواطن,Female,انثى,"1,838",5,532,,,,192,280,," 2,847 "
2012-2013,Federal,اتحادية,Abu Dhabi,أبوظبي,"24.466667 , 54.366669",Local,مواطن,Male,ذكر,886,54,229,,,,193,185,," 1,547 "
2012-2013,Federal,اتحادية,Dubai,دبي ,"25.276987 , 55.296249",Expat,غير مواطن,Female,انثى,4,,,,,,,,, 4 
2012-2013,Federal,اتحادية,Dubai,دبي ,"25.276987 , 55.296249",Expat,غير مواطن,Male,ذكر,1,,,,,,,,, 1 
2012-2013,Federal,اتحادية,Dubai,دبي ,"25.276987 , 55.296249",Local,مواطن,Female,انثى,709,,149,,,,199,109,," 1,166 "
2012-2013,Federal,اتحادية,Dubai,دبي ,"25.276987 , 55.296249",Local,مواطن,Male,ذكر,316,,73,,,,201,10,, 600 
2012-2013,Federal,اتحادية,Fujairah,الفجيرة ,"25.133300 , 56.250000",Local,مواطن,Female,انثى,134,,137,,,,6,,, 277 
2012-2013,Federal,اتحادية,Fujairah,الفجيرة ,"25.133300 , 56.250000",Local,مواطن,Male,ذكر,10,14,41,,,,1,,, 66 
2012-2013,Federal,اتحادية,Ras Al Khaimah,رأس الخيمة,"25.800694 , 55.976200",Local,مواطن,Female,انثى,85,,143,,,,48,15,, 291 
2012-2013,Federal,اتحادية,Ras Al Khaimah,رأس الخيمة,"25.800694 , 55.976200",Local,مواطن,Male,ذكر,40,,35,,,,34,5,, 114 
2012-2013,Federal,اتحادية,Sharjah,الشارقة ,"25.322327 , 55.513641",Local,مواطن,Female,انثى,351,,128,,,,163,9,, 651 
2012-2013,Federal,اتحادية,Sharjah,الشارقة ,"25.322327 , 55.513641",Local,مواطن,Male,ذكر,102,,58,,,,25,4,, 189 
2012-2013,Non-Federal,غير اتحادية ,Abu Dhabi,أبوظبي,"24.466667 , 54.366669",Expat,غير مواطن,Female,انثى,564,1,218,,,650,,166,," 1,599 "
2012-2013,Non-Federal,غير اتحادية ,Abu Dhabi,أبوظبي,"24.466667 , 54.366669",Expat,غير مواطن,Male,ذكر,386,,122,,,62,,200,, 770 
2012-2013,Non-Federal,غير اتحادية ,Abu Dhabi,أبوظبي,"24.466667 , 54.366669",Local,مواطن,Female,انثى,476,8,228,,,84,,123,, 919 
2012-2013,Non-Federal,غير اتحادية ,Abu Dhabi,أبوظبي,"24.466667 , 54.366669",Local,مواطن,Male,ذكر,559,16,286,,,72,16,131,," 1,080 "
2012-2013,Non-Federal,غير اتحادية ,Ajman,عجمان ,"25.244000 , 55.266140",Expat,غير مواطن,Female,انثى,382,,,,,99,,20,, 501 
2012-2013,Non-Federal,غير اتحادية ,Ajman,عجمان ,"25.244000 , 55.266140",Expat,غير مواطن,Male,ذكر,291,,,,,5,,2,, 298 
2012-2013,Non-Federal,غير اتحادية ,Ajman,عجمان ,"25.244000 , 55.266140",Local,مواطن,Female,انثى,141,,,,,1,,10,, 152 
2012-2013,Non-Federal,غير اتحادية ,Ajman,عجمان ,"25.244000 , 55.266140",Local,مواطن,Male,ذكر,160,,,,,,,12,, 172 
2012-2013,Non-Federal,غير اتحادية ,Dubai,دبي ,"25.276987 , 55.296249",Expat,غير مواطن,Female,انثى,914,,20,2,,16,,406,," 1,358 "
2012-2013,Non-Federal,غير اتحادية ,Dubai,دبي ,"25.276987 , 55.296249",Expat,غير مواطن,Male,ذكر,599,3,43,2,,9,1,476,," 1,133 "
2012-2013,Non-Federal,غير اتحادية ,Dubai,دبي ,"25.276987 , 55.296249",Local,مواطن,Female,انثى,375,1,9,5,,5,3,245,, 643 
2012-2013,Non-Federal,غير اتحادية ,Dubai,دبي ,"25.276987 , 55.296249",Local,مواطن,Male,ذكر,890,6,18,,,1,4,457,," 1,376 "
2012-2013,Non-Federal,غير اتحادية ,Fujairah,الفجيرة ,"25.133300 , 56.250000",Expat,غير مواطن,Female,انثى,64,,,,,186,,,, 250 
2012-2013,Non-Federal,غير اتحادية ,Fujairah,الفجيرة ,"25.133300 , 56.250000",Expat,غير مواطن,Male,ذكر,27,,,,,,,,, 27 
2012-2013,Non-Federal,غير اتحادية ,Fujairah,الفجيرة ,"25.133300 , 56.250000",Local,مواطن,Female,انثى,148,,4,,,1,,,, 153 
2012-2013,Non-Federal,غير اتحادية ,Fujairah,الفجيرة ,"25.133300 , 56.250000",Local,مواطن,Male,ذكر,100,,,,,,,,, 100 
2012-2013,Non-Federal,غير اتحادية ,Ras Al Khaimah,رأس الخيمة,"25.800694 , 55.976200",Expat,غير مواطن,Female,انثى,155,,,,,,,6,, 161 
2012-2013,Non-Federal,غير اتحادية ,Ras Al Khaimah,رأس الخيمة,"25.800694 , 55.976200",Expat,غير مواطن,Male,ذكر,78,,,,,,,2,, 80 
2012-2013,Non-Federal,غير اتحادية ,Ras Al Khaimah,رأس الخيمة,"25.800694 , 55.976200",Local,مواطن,Female,انثى,86,,,,,,,3,, 89 
2012-2013,Non-Federal,غير اتحادية ,Ras Al Khaimah,رأس الخيمة,"25.800694 , 55.976200",Local,مواطن,Male,ذكر,29,,,,,,,,, 29 
2012-2013,Non-Federal,غير اتحادية ,Sharjah,الشارقة ,"25.322327 , 55.513641",Expat,غير مواطن,Female,انثى,894,,2,,,,5,63,, 964 
2012-2013,Non-Federal,غير اتحادية ,Sharjah,الشارقة ,"25.322327 , 55.513641",Expat,غير مواطن,Male,ذكر,744,,2,,,,,88,, 834 
2012-2013,Non-Federal,غير اتحادية ,Sharjah,الشارقة ,"25.322327 , 55.513641",Local,مواطن,Female,انثى,611,,51,,,,,92,, 754 
2012-2013,Non-Federal,غير اتحادية ,Sharjah,الشارقة ,"25.322327 , 55.513641",Local,مواطن,Male,ذكر,286,,14,,,,,160,, 460 
2013-2014,Federal,اتحادية,Abu Dhabi,أبوظبي,"24.466667 , 54.366669",Expat,غير مواطن,Female,انثى,249,,,11,,,,82,, 342 
2013-2014,Federal,اتحادية,Abu Dhabi,أبوظبي,"24.466667 , 54.366669",Expat,غير مواطن,Male,ذكر,164,,3,2,,,,73,, 242 
2013-2014,Federal,اتحادية,Abu Dhabi,أبوظبي,"24.466667 , 54.366669",Local,مواطن,Female,انثى,"1,848",,92,4,,,182,310,," 2,436 "
2013-2014,Federal,اتحادية,Abu Dhabi,أبوظبي,"24.466667 , 54.366669",Local,مواطن,Male,ذكر,948,,136,,,,189,177,," 1,450 "
2013-2014,Federal,اتحادية,Dubai,دبي ,"25.276987 , 55.296249",Expat,غير مواطن,Female,انثى,8,,,,,,,4,, 12 
2013-2014,Federal,اتحادية,Dubai,دبي ,"25.276987 , 55.296249",Expat,غير مواطن,Male,ذكر,1,,,,,,,5,, 6 
2013-2014,Federal,اتحادية,Dubai,دبي ,"25.276987 , 55.296249",Local,مواطن,Female,انثى,826,,14,,,,79,30,, 949 
2013-2014,Federal,اتحادية,Dubai,دبي ,"25.276987 , 55.296249",Local,مواطن,Male,ذكر,438,,14,,,,100,38,, 590 
2013-2014,Federal,اتحادية,Fujairah,الفجيرة ,"25.133300 , 56.250000",Local,مواطن,Female,انثى,158,,20,,,,10,6,, 194 
2013-2014,Federal,اتحادية,Fujairah,الفجيرة ,"25.133300 , 56.250000",Local,مواطن,Male,ذكر,24,,6,,,,,1,, 31 
2013-2014,Federal,اتحادية,Ras Al Khaimah,رأس الخيمة,"25.800694 , 55.976200",Local,مواطن,Female,انثى,116,,11,,,,18,8,, 153 
2013-2014,Federal,اتحادية,Ras Al Khaimah,رأس الخيمة,"25.800694 , 55.976200",Local,مواطن,Male,ذكر,67,,9,,,,10,1,, 87 
2013-2014,Federal,اتحادية,Sharjah,الشارقة ,"25.322327 , 55.513641",Local,مواطن,Female,انثى,354,,10,,,,45,2,, 411 
2013-2014,Federal,اتحادية,Sharjah,الشارقة ,"25.322327 , 55.513641",Local,مواطن,Male,ذكر,91,,6,,,,16,1,, 114 
2013-2014,Federal,اتحادية,Abu Dhabi,أبوظبي,"24.466667 , 54.366669",Expat,غير مواطن,Female,انثى,,,,,,,,1,, 1 
2013-2014,Federal,اتحادية,Abu Dhabi,أبوظبي,"24.466667 , 54.366669",Local,مواطن,Female,انثى,1,,,,,,,3,, 4 
2013-2014,Federal,اتحادية,Abu Dhabi,أبوظبي,"24.466667 , 54.366669",Local,مواطن,Male,ذكر,4,,,,,,,,, 4 
2013-2014,Non-Federal,غير اتحادية ,Abu Dhabi,أبوظبي,"24.466667 , 54.366669",Expat,غير مواطن,Female,انثى,668,,294,,,799,,87,," 1,848 "
2013-2014,Non-Federal,غير اتحادية ,Abu Dhabi,أبوظبي,"24.466667 , 54.366669",Expat,غير مواطن,Male,ذكر,514,1,182,,,77,,138,, 912 
2013-2014,Non-Federal,غير اتحادية ,Abu Dhabi,أبوظبي,"24.466667 , 54.366669",Local,مواطن,Female,انثى,627,1,396,,,48,3,176,," 1,251 "
2013-2014,Non-Federal,غير اتحادية ,Abu Dhabi,أبوظبي,"24.466667 , 54.366669",Local,مواطن,Male,ذكر,"1,036",10,478,,,53,64,174,," 1,815 "
2013-2014,Non-Federal,غير اتحادية ,Ajman,عجمان ,"25.244000 , 55.266140",Expat,غير مواطن,Female,انثى,538,,,,,51,,21,, 610 
2013-2014,Non-Federal,غير اتحادية ,Ajman,عجمان ,"25.244000 , 55.266140",Expat,غير مواطن,Male,ذكر,473,,,,,6,,10,, 489 
2013-2014,Non-Federal,غير اتحادية ,Ajman,عجمان ,"25.244000 , 55.266140",Local,مواطن,Female,انثى,186,,,,,,,15,, 201 
2013-2014,Non-Federal,غير اتحادية ,Ajman,عجمان ,"25.244000 , 55.266140",Local,مواطن,Male,ذكر,195,,,,,,,7,, 202 
2013-2014,Non-Federal,غير اتحادية ,Dubai,دبي ,"25.276987 , 55.296249",Expat,غير مواطن,Female,انثى,"1,183",,51,4,,4,15,428,," 1,685 "
2013-2014,Non-Federal,غير اتحادية ,Dubai,دبي ,"25.276987 , 55.296249",Expat,غير مواطن,Male,ذكر,891,1,68,,,3,56,553,," 1,572 "
2013-2014,Non-Federal,غير اتحادية ,Dubai,دبي ,"25.276987 , 55.296249",Local,مواطن,Female,انثى,472,1,12,5,,1,,365,, 856 
2013-2014,Non-Federal,غير اتحادية ,Dubai,دبي ,"25.276987 , 55.296249",Local,مواطن,Male,ذكر,"1,239",4,22,1,,1,5,"1,030",," 2,302 "
2013-2014,Non-Federal,غير اتحادية ,Fujairah,الفجيرة ,"25.133300 , 56.250000",Expat,غير مواطن,Female,انثى,63,,,,,172,,,, 235 
2013-2014,Non-Federal,غير اتحادية ,Fujairah,الفجيرة ,"25.133300 , 56.250000",Expat,غير مواطن,Male,ذكر,46,,,,,,,,, 46 
2013-2014,Non-Federal,غير اتحادية ,Fujairah,الفجيرة ,"25.133300 , 56.250000",Local,مواطن,Female,انثى,138,,,,,1,,,, 139 
2013-2014,Non-Federal,غير اتحادية ,Fujairah,الفجيرة ,"25.133300 , 56.250000",Local,مواطن,Male,ذكر,121,,,,,,,,, 121 
2013-2014,Non-Federal,غير اتحادية ,Ras Al Khaimah,رأس الخيمة,"25.800694 , 55.976200",Expat,غير مواطن,Female,انثى,312,,,,,,,15,, 327 
2013-2014,Non-Federal,غير اتحادية ,Ras Al Khaimah,رأس الخيمة,"25.800694 , 55.976200",Expat,غير مواطن,Male,ذكر,136,,,,,,,3,, 139 
2013-2014,Non-Federal,غير اتحادية ,Ras Al Khaimah,رأس الخيمة,"25.800694 , 55.976200",Local,مواطن,Female,انثى,141,,,,,,,7,, 148 
2013-2014,Non-Federal,غير اتحادية ,Ras Al Khaimah,رأس الخيمة,"25.800694 , 55.976200",Local,مواطن,Male,ذكر,22,,,,,,,,, 22 
2013-2014,Non-Federal,غير اتحادية ,Sharjah,الشارقة ,"25.322327 , 55.513641",Expat,غير مواطن,Female,انثى,727,,109,,,3,,51,, 890 
2013-2014,Non-Federal,غير اتحادية ,Sharjah,الشارقة ,"25.322327 , 55.513641",Expat,غير مواطن,Male,ذكر,539,,55,,,,,80,, 674 
2013-2014,Non-Federal,غير اتحادية ,Sharjah,الشارقة ,"25.322327 , 55.513641",Local,مواطن,Female,انثى,608,,61,1,,,,103,, 773 
2013-2014,Non-Federal,غير اتحادية ,Sharjah,الشارقة ,"25.322327 , 55.513641",Local,مواطن,Male,ذكر,291,,16,1,,,,140,, 448 
2014-2015,Federal,اتحادية,Abu Dhabi,أبوظبي,"24.466667 , 54.366669",Expat,غير مواطن,Female,انثى,277,,3,9,,,2,85,, 376 
2014-2015,Federal,اتحادية,Abu Dhabi,أبوظبي,"24.466667 , 54.366669",Expat,غير مواطن,Male,ذكر,149,,1,5,,,1,83,, 239 
2014-2015,Federal,اتحادية,Abu Dhabi,أبوظبي,"24.466667 , 54.366669",Local,مواطن,Female,انثى,"1,843",20,166,6,,,113,298,," 2,446 "
2014-2015,Federal,اتحادية,Abu Dhabi,أبوظبي,"24.466667 , 54.366669",Local,مواطن,Male,ذكر,754,116,51,,,,170,144,," 1,235 "
2014-2015,Federal,اتحادية,Dubai,دبي ,"25.276987 , 55.296249",Expat,غير مواطن,Female,انثى,8,,1,,,,,5,, 14 
2014-2015,Federal,اتحادية,Dubai,دبي ,"25.276987 , 55.296249",Expat,غير مواطن,Male,ذكر,7,,,,,,,5,, 12 
2014-2015,Federal,اتحادية,Dubai,دبي ,"25.276987 , 55.296249",Local,مواطن,Female,انثى,880,73,70,,,,103,27,," 1,153 "
2014-2015,Federal,اتحادية,Dubai,دبي ,"25.276987 , 55.296249",Local,مواطن,Male,ذكر,206,21,14,,,,71,34,, 346 
2014-2015,Federal,اتحادية,Fujairah,الفجيرة ,"25.133300 , 56.250000",Local,مواطن,Female,انثى,102,,7,,,,11,3,, 123 
2014-2015,Federal,اتحادية,Fujairah,الفجيرة ,"25.133300 , 56.250000",Local,مواطن,Male,ذكر,10,,1,,,,8,,, 19 
2014-2015,Federal,اتحادية,Ras Al Khaimah,رأس الخيمة,"25.800694 , 55.976200",Local,مواطن,Female,انثى,106,2,26,,,,,2,, 136 
2014-2015,Federal,اتحادية,Ras Al Khaimah,رأس الخيمة,"25.800694 , 55.976200",Local,مواطن,Male,ذكر,41,9,14,,,,7,,, 71 
2014-2015,Federal,اتحادية,Sharjah,الشارقة ,"25.322327 , 55.513641",Local,مواطن,Female,انثى,205,,20,,,,36,1,, 262 
2014-2015,Federal,اتحادية,Sharjah,الشارقة ,"25.322327 , 55.513641",Local,مواطن,Male,ذكر,50,1,11,,,,9,,, 71 
2014-2015,Federal,اتحادية,Abu Dhabi,أبوظبي,"24.466667 , 54.366669",Expat,غير مواطن,Female,انثى,,,,,,,,1,, 1 
2014-2015,Federal,اتحادية,Abu Dhabi,أبوظبي,"24.466667 , 54.366669",Local,مواطن,Female,انثى,,,,,,,,4,, 4 
2014-2015,Federal,اتحادية,Abu Dhabi,أبوظبي,"24.466667 , 54.366669",Local,مواطن,Male,ذكر,,,,,,,,1,, 1 
2014-2015,Non-Federal,غير اتحادية ,Abu Dhabi,أبوظبي,"24.466667 , 54.366669",Expat,غير مواطن,Female,انثى,573,4,349,,,750,,141,," 1,817 "
2014-2015,Non-Federal,غير اتحادية ,Abu Dhabi,أبوظبي,"24.466667 , 54.366669",Expat,غير مواطن,Male,ذكر,508,3,145,1,,68,,219,, 944 
2014-2015,Non-Federal,غير اتحادية ,Abu Dhabi,أبوظبي,"24.466667 , 54.366669",Local,مواطن,Female,انثى,639,6,194,,,1,27,274,," 1,141 "
2014-2015,Non-Federal,غير اتحادية ,Abu Dhabi,أبوظبي,"24.466667 , 54.366669",Local,مواطن,Male,ذكر,"1,365",9,397,1,,,65,258,1," 2,096 "
2014-2015,Non-Federal,غير اتحادية ,Ajman,عجمان ,"25.244000 , 55.266140",Expat,غير مواطن,Female,انثى,616,,2,,,78,,20,, 716 
2014-2015,Non-Federal,غير اتحادية ,Ajman,عجمان ,"25.244000 , 55.266140",Expat,غير مواطن,Male,ذكر,482,,,,,5,,15,, 502 
2014-2015,Non-Federal,غير اتحادية ,Ajman,عجمان ,"25.244000 , 55.266140",Local,مواطن,Female,انثى,203,,8,,,,,18,, 229 
2014-2015,Non-Federal,غير اتحادية ,Ajman,عجمان ,"25.244000 , 55.266140",Local,مواطن,Male,ذكر,164,,,,,,,23,, 187 
2014-2015,Non-Federal,غير اتحادية ,Dubai,دبي ,"25.276987 , 55.296249",Expat,غير مواطن,Female,انثى,"1,209",16,53,2,,,36,459,," 1,775 "
2014-2015,Non-Federal,غير اتحادية ,Dubai,دبي ,"25.276987 , 55.296249",Expat,غير مواطن,Male,ذكر,725,40,119,2,,,92,576,," 1,554 "
2014-2015,Non-Federal,غير اتحادية ,Dubai,دبي ,"25.276987 , 55.296249",Local,مواطن,Female,انثى,310,,11,7,,,3,332,, 663 
2014-2015,Non-Federal,غير اتحادية ,Dubai,دبي ,"25.276987 , 55.296249",Local,مواطن,Male,ذكر,"1,006",,37,1,,,,709,," 1,753 "
2014-2015,Non-Federal,غير اتحادية ,Fujairah,الفجيرة ,"25.133300 , 56.250000",Expat,غير مواطن,Female,انثى,89,,,,,252,,,, 341 
2014-2015,Non-Federal,غير اتحادية ,Fujairah,الفجيرة ,"25.133300 , 56.250000",Expat,غير مواطن,Male,ذكر,37,,,,,,,,, 37 
2014-2015,Non-Federal,غير اتحادية ,Fujairah,الفجيرة ,"25.133300 , 56.250000",Local,مواطن,Female,انثى,103,,1,,,,,,, 104 
2014-2015,Non-Federal,غير اتحادية ,Fujairah,الفجيرة ,"25.133300 , 56.250000",Local,مواطن,Male,ذكر,99,,,,,,,,, 99 
2014-2015,Non-Federal,غير اتحادية ,Ras Al Khaimah,رأس الخيمة,"25.800694 , 55.976200",Expat,غير مواطن,Female,انثى,168,,,,,,,9,, 177 
2014-2015,Non-Federal,غير اتحادية ,Ras Al Khaimah,رأس الخيمة,"25.800694 , 55.976200",Expat,غير مواطن,Male,ذكر,67,,,,,,,3,, 70 
2014-2015,Non-Federal,غير اتحادية ,Ras Al Khaimah,رأس الخيمة,"25.800694 , 55.976200",Local,مواطن,Female,انثى,46,,,,,,,16,, 62 
2014-2015,Non-Federal,غير اتحادية ,Ras Al Khaimah,رأس الخيمة,"25.800694 , 55.976200",Local,مواطن,Male,ذكر,15,,,,,,,1,, 16 
2014-2015,Non-Federal,غير اتحادية ,Sharjah,الشارقة ,"25.322327 , 55.513641",Expat,غير مواطن,Female,انثى,"1,184",,51,,,,,87,," 1,322 "
2014-2015,Non-Federal,غير اتحادية ,Sharjah,الشارقة ,"25.322327 , 55.513641",Expat,غير مواطن,Male,ذكر,925,,16,,,,,119,," 1,060 "
2014-2015,Non-Federal,غير اتحادية ,Sharjah,الشارقة ,"25.322327 , 55.513641",Local,مواطن,Female,انثى,807,,50,2,,,,128,, 987 
2014-2015,Non-Federal,غير اتحادية ,Sharjah,الشارقة ,"25.322327 , 55.513641",Local,مواطن,Male,ذكر,356,,11,5,,,,131,, 503 
2014-2015,Non-Federal,غير اتحادية ,Umm Al Quwain,ام القيوين ,"25.520482 , 55.713391",Local,مواطن,Female,انثى,2,,,,,,,,, 2 
2014-2015,Non-Federal,غير اتحادية ,Umm Al Quwain,ام القيوين ,"25.520482 , 55.713391",Local,مواطن,Male,ذكر,1,,,,,,,,, 1 
2015-2016,Federal,اتحادية,Abu Dhabi,أبوظبي,"24.466667 , 54.366669",Expat,غير مواطن,Female,انثى,403,,6,5,,,,81,, 495 
2015-2016,Federal,اتحادية,Abu Dhabi,أبوظبي,"24.466667 , 54.366669",Expat,غير مواطن,Male,ذكر,194,,,4,,,,62,, 260 
2015-2016,Federal,اتحادية,Abu Dhabi,أبوظبي,"24.466667 , 54.366669",Local,مواطن,Female,انثى,"2,211",,146,6,,,4,225,238," 2,830 "
2015-2016,Federal,اتحادية,Abu Dhabi,أبوظبي,"24.466667 , 54.366669",Local,مواطن,Male,ذكر,729,,39,3,,,19,122,93," 1,005 "
2015-2016,Federal,اتحادية,Dubai,دبي ,"25.276987 , 55.296249",Expat,غير مواطن,Female,انثى,16,,,,,,,6,, 22 
2015-2016,Federal,اتحادية,Dubai,دبي ,"25.276987 , 55.296249",Expat,غير مواطن,Male,ذكر,8,,1,,,,,4,, 13 
2015-2016,Federal,اتحادية,Dubai,دبي ,"25.276987 , 55.296249",Local,مواطن,Female,انثى,908,,25,,,,1,18,1, 953 
2015-2016,Federal,اتحادية,Dubai,دبي ,"25.276987 , 55.296249",Local,مواطن,Male,ذكر,394,,13,,,,12,5,, 424 
2015-2016,Federal,اتحادية,Fujairah,الفجيرة ,"25.133300 , 56.250000",Local,مواطن,Female,انثى,169,,26,,,,16,8,, 219 
2015-2016,Federal,اتحادية,Fujairah,الفجيرة ,"25.133300 , 56.250000",Local,مواطن,Male,ذكر,57,,28,,,,,,1, 86 
2015-2016,Federal,اتحادية,Ras Al Khaimah,رأس الخيمة,"25.800694 , 55.976200",Local,مواطن,Female,انثى,189,,45,,,,,5,, 239 
2015-2016,Federal,اتحادية,Ras Al Khaimah,رأس الخيمة,"25.800694 , 55.976200",Local,مواطن,Male,ذكر,68,,48,,,,,3,, 119 
2015-2016,Federal,اتحادية,Sharjah,الشارقة ,"25.322327 , 55.513641",Expat,غير مواطن,Female,انثى,1,,1,,,,,,, 2 
2015-2016,Federal,اتحادية,Sharjah,الشارقة ,"25.322327 , 55.513641",Local,مواطن,Female,انثى,288,,29,,,,2,,, 319 
2015-2016,Federal,اتحادية,Sharjah,الشارقة ,"25.322327 , 55.513641",Local,مواطن,Male,ذكر,74,,8,,,,,,, 82 
2015-2016,Federal,اتحادية,Abu Dhabi,أبوظبي,"24.466667 , 54.366669",Expat,غير مواطن,Male,ذكر,,,,,,,,1,, 1 
2015-2016,Federal,اتحادية,Abu Dhabi,أبوظبي,"24.466667 , 54.366669",Local,مواطن,Male,ذكر,,,,,,,,2,, 2 
2015-2016,Non-Federal,غير اتحادية ,Abu Dhabi,أبوظبي,"24.466667 , 54.366669",Expat,غير مواطن,Female,انثى,682,51,289,4,,927,50,185,," 2,188 "
2015-2016,Non-Federal,غير اتحادية ,Abu Dhabi,أبوظبي,"24.466667 , 54.366669",Expat,غير مواطن,Male,ذكر,513,11,92,9,,47,6,188,, 866 
2015-2016,Non-Federal,غير اتحادية ,Abu Dhabi,أبوظبي,"24.466667 , 54.366669",Local,مواطن,Female,انثى,693,23,222,2,,30,34,340,," 1,344 "
2015-2016,Non-Federal,غير اتحادية ,Abu Dhabi,أبوظبي,"24.466667 , 54.366669",Local,مواطن,Male,ذكر,"1,169",10,404,5,,19,83,258,," 1,948 "
2015-2016,Non-Federal,غير اتحادية ,Ajman,عجمان ,"25.244000 , 55.266140",Expat,غير مواطن,Female,انثى,692,,19,,,12,,36,, 759 
2015-2016,Non-Federal,غير اتحادية ,Ajman,عجمان ,"25.244000 , 55.266140",Expat,غير مواطن,Male,ذكر,581,,7,,,,,18,, 606 
2015-2016,Non-Federal,غير اتحادية ,Ajman,عجمان ,"25.244000 , 55.266140",Local,مواطن,Female,انثى,212,,,,,,,11,, 223 
2015-2016,Non-Federal,غير اتحادية ,Ajman,عجمان ,"25.244000 , 55.266140",Local,مواطن,Male,ذكر,269,,,,,1,,21,, 291 
2015-2016,Non-Federal,غير اتحادية ,Dubai,دبي ,"25.276987 , 55.296249",Expat,غير مواطن,Female,انثى,"1,396",10,39,4,,,56,450,," 1,955 "
2015-2016,Non-Federal,غير اتحادية ,Dubai,دبي ,"25.276987 , 55.296249",Expat,غير مواطن,Male,ذكر,855,31,122,1,,,91,593,," 1,693 "
2015-2016,Non-Federal,غير اتحادية ,Dubai,دبي ,"25.276987 , 55.296249",Local,مواطن,Female,انثى,414,1,8,12,,,18,376,, 829 
2015-2016,Non-Federal,غير اتحادية ,Dubai,دبي ,"25.276987 , 55.296249",Local,مواطن,Male,ذكر,"1,981",1,33,,,,13,424,," 2,452 "
2015-2016,Non-Federal,غير اتحادية ,Fujairah,الفجيرة ,"25.133300 , 56.250000",Expat,غير مواطن,Female,انثى,95,,,,,67,,,, 162 
2015-2016,Non-Federal,غير اتحادية ,Fujairah,الفجيرة ,"25.133300 , 56.250000",Expat,غير مواطن,Male,ذكر,47,,,,,,,,, 47 
2015-2016,Non-Federal,غير اتحادية ,Fujairah,الفجيرة ,"25.133300 , 56.250000",Local,مواطن,Female,انثى,119,,,,,,,,, 119 
2015-2016,Non-Federal,غير اتحادية ,Fujairah,الفجيرة ,"25.133300 , 56.250000",Local,مواطن,Male,ذكر,86,,,,,,,,, 86 
2015-2016,Non-Federal,غير اتحادية ,Ras Al Khaimah,رأس الخيمة,"25.800694 , 55.976200",Expat,غير مواطن,Female,انثى,152,,,,,,,17,, 169 
2015-2016,Non-Federal,غير اتحادية ,Ras Al Khaimah,رأس الخيمة,"25.800694 , 55.976200",Expat,غير مواطن,Male,ذكر,69,,,,,,,4,, 73 
2015-2016,Non-Federal,غير اتحادية ,Ras Al Khaimah,رأس الخيمة,"25.800694 , 55.976200",Local,مواطن,Female,انثى,44,,,,,,,21,, 65 
2015-2016,Non-Federal,غير اتحادية ,Ras Al Khaimah,رأس الخيمة,"25.800694 , 55.976200",Local,مواطن,Male,ذكر,6,,,,,,,1,, 7 
2015-2016,Non-Federal,غير اتحادية ,Sharjah,الشارقة ,"25.322327 , 55.513641",Expat,غير مواطن,Female,انثى,830,,8,,,,4,37,, 879 
2015-2016,Non-Federal,غير اتحادية ,Sharjah,الشارقة ,"25.322327 , 55.513641",Expat,غير مواطن,Male,ذكر,593,,14,3,,,,45,, 655 
2015-2016,Non-Federal,غير اتحادية ,Sharjah,الشارقة ,"25.322327 , 55.513641",Local,مواطن,Female,انثى,784,,146,3,,,,122,," 1,055 "
2015-2016,Non-Federal,غير اتحادية ,Sharjah,الشارقة ,"25.322327 , 55.513641",Local,مواطن,Male,ذكر,255,,89,9,,,,126,, 479 
2015-2016,Non-Federal,غير اتحادية ,Umm Al Quwain,ام القيوين ,"25.520482 , 55.713391",Expat,غير مواطن,Female,انثى,2,,,,,,,,, 2 
2015-2016,Non-Federal,غير اتحادية ,Umm Al Quwain,ام القيوين ,"25.520482 , 55.713391",Expat,غير مواطن,Male,ذكر,5,,,,,,,,, 5 
2015-2016,Non-Federal,غير اتحادية ,Umm Al Quwain,ام القيوين ,"25.520482 , 55.713391",Local,مواطن,Female,انثى,5,,,,,,,,, 5 
2015-2016,Non-Federal,غير اتحادية ,Umm Al Quwain,ام القيوين ,"25.520482 , 55.713391",Local,مواطن,Male,ذكر,7,,,,,,,,, 7 
2016-2017,Federal,اتحادية,Abu Dhabi,أبوظبي,"24.466667 , 54.366669",Expat,غير مواطن,Female,انثى,402,,5,5,,,,68,, 480 
2016-2017,Federal,اتحادية,Abu Dhabi,أبوظبي,"24.466667 , 54.366669",Expat,غير مواطن,Male,ذكر,227,,1,3,,,,46,, 277 
2016-2017,Federal,اتحادية,Abu Dhabi,أبوظبي,"24.466667 , 54.366669",Local,مواطن,Female,انثى,"2,490",1,177,9,,,4,146,1," 2,828 "
2016-2017,Federal,اتحادية,Abu Dhabi,أبوظبي,"24.466667 , 54.366669",Local,مواطن,Male,ذكر,944,3,33,5,,,6,65,19," 1,075 "
2016-2017,Federal,اتحادية,Dubai,دبي ,"25.276987 , 55.296249",Expat,غير مواطن,Female,انثى,25,,1,,,,,2,, 28 
2016-2017,Federal,اتحادية,Dubai,دبي ,"25.276987 , 55.296249",Expat,غير مواطن,Male,ذكر,10,,,,,,,1,, 11 
2016-2017,Federal,اتحادية,Dubai,دبي ,"25.276987 , 55.296249",Local,مواطن,Female,انثى,994,,27,,,,,7,," 1,028 "
2016-2017,Federal,اتحادية,Dubai,دبي ,"25.276987 , 55.296249",Local,مواطن,Male,ذكر,446,,5,,,,1,,, 452 
2016-2017,Federal,اتحادية,Fujairah,الفجيرة ,"25.133300 , 56.250000",Expat,غير مواطن,Female,انثى,1,,1,,,,,,, 2 
2016-2017,Federal,اتحادية,Fujairah,الفجيرة ,"25.133300 , 56.250000",Local,مواطن,Female,انثى,306,,39,,,,1,,, 346 
2016-2017,Federal,اتحادية,Fujairah,الفجيرة ,"25.133300 , 56.250000",Local,مواطن,Male,ذكر,47,,8,,,,,,, 55 
2016-2017,Federal,اتحادية,Ras Al Khaimah,رأس الخيمة,"25.800694 , 55.976200",Expat,غير مواطن,Female,انثى,8,,,,,,,,, 8 
2016-2017,Federal,اتحادية,Ras Al Khaimah,رأس الخيمة,"25.800694 , 55.976200",Expat,غير مواطن,Male,ذكر,2,,,,,,,,, 2 
2016-2017,Federal,اتحادية,Ras Al Khaimah,رأس الخيمة,"25.800694 , 55.976200",Local,مواطن,Female,انثى,264,,41,,,,,4,, 309 
2016-2017,Federal,اتحادية,Ras Al Khaimah,رأس الخيمة,"25.800694 , 55.976200",Local,مواطن,Male,ذكر,97,,14,,,,,,, 111 
2016-2017,Federal,اتحادية,Sharjah,الشارقة ,"25.322327 , 55.513641",Expat,غير مواطن,Female,انثى,15,,2,,,,,,, 17 
2016-2017,Federal,اتحادية,Sharjah,الشارقة ,"25.322327 , 55.513641",Expat,غير مواطن,Male,ذكر,9,,,,,,,,, 9 
2016-2017,Federal,اتحادية,Sharjah,الشارقة ,"25.322327 , 55.513641",Local,مواطن,Female,انثى,388,,44,,,,,,, 432 
2016-2017,Federal,اتحادية,Sharjah,الشارقة ,"25.322327 , 55.513641",Local,مواطن,Male,ذكر,197,,14,,,,,,, 211 
2016-2017,Non-Federal,غير اتحادية ,Abu Dhabi,أبوظبي,"24.466667 , 54.366669",Expat,غير مواطن,Female,انثى,751,,117,11,,161,27,166,," 1,233 "
2016-2017,Non-Federal,غير اتحادية ,Abu Dhabi,أبوظبي,"24.466667 , 54.366669",Expat,غير مواطن,Male,ذكر,523,,91,22,,12,1,278,, 927 
2016-2017,Non-Federal,غير اتحادية ,Abu Dhabi,أبوظبي,"24.466667 , 54.366669",Local,مواطن,Female,انثى,855,2,152,10,,,51,393,," 1,463 "
2016-2017,Non-Federal,غير اتحادية ,Abu Dhabi,أبوظبي,"24.466667 , 54.366669",Local,مواطن,Male,ذكر,"1,426",3,232,5,,,65,357,," 2,088 "
2016-2017,Non-Federal,غير اتحادية ,Ajman,عجمان ,"25.244000 , 55.266140",Expat,غير مواطن,Female,انثى,738,,5,,,7,,20,, 770 
2016-2017,Non-Federal,غير اتحادية ,Ajman,عجمان ,"25.244000 , 55.266140",Expat,غير مواطن,Male,ذكر,619,,1,,,,,27,, 647 
2016-2017,Non-Federal,غير اتحادية ,Ajman,عجمان ,"25.244000 , 55.266140",Local,مواطن,Female,انثى,226,,4,,,1,,25,, 256 
2016-2017,Non-Federal,غير اتحادية ,Ajman,عجمان ,"25.244000 , 55.266140",Local,مواطن,Male,ذكر,299,,,,,,,33,, 332 
2016-2017,Non-Federal,غير اتحادية ,Dubai,دبي ,"25.276987 , 55.296249",Expat,غير مواطن,Female,انثى,"1,492",10,50,4,,,21,393,," 1,970 "
2016-2017,Non-Federal,غير اتحادية ,Dubai,دبي ,"25.276987 , 55.296249",Expat,غير مواطن,Male,ذكر,914,14,147,5,,,83,541,2," 1,706 "
2016-2017,Non-Federal,غير اتحادية ,Dubai,دبي ,"25.276987 , 55.296249",Local,مواطن,Female,انثى,376,1,19,14,,,4,319,, 733 
2016-2017,Non-Federal,غير اتحادية ,Dubai,دبي ,"25.276987 , 55.296249",Local,مواطن,Male,ذكر,"1,362",1,19,7,,,14,427,3," 1,833 "
2016-2017,Non-Federal,غير اتحادية ,Fujairah,الفجيرة ,"25.133300 , 56.250000",Expat,غير مواطن,Female,انثى,119,,,,,,,,, 119 
2016-2017,Non-Federal,غير اتحادية ,Fujairah,الفجيرة ,"25.133300 , 56.250000",Expat,غير مواطن,Male,ذكر,50,,,,,,,,, 50 
2016-2017,Non-Federal,غير اتحادية ,Fujairah,الفجيرة ,"25.133300 , 56.250000",Local,مواطن,Female,انثى,125,,,,,,,,, 125 
2016-2017,Non-Federal,غير اتحادية ,Fujairah,الفجيرة ,"25.133300 , 56.250000",Local,مواطن,Male,ذكر,104,,,,,,,,, 104 
2016-2017,Non-Federal,غير اتحادية ,Ras Al Khaimah,رأس الخيمة,"25.800694 , 55.976200",Expat,غير مواطن,Female,انثى,192,,,,,,,8,, 200 
2016-2017,Non-Federal,غير اتحادية ,Ras Al Khaimah,رأس الخيمة,"25.800694 , 55.976200",Expat,غير مواطن,Male,ذكر,93,,,,,,,13,, 106 
2016-2017,Non-Federal,غير اتحادية ,Ras Al Khaimah,رأس الخيمة,"25.800694 , 55.976200",Local,مواطن,Female,انثى,60,,,,,,,46,, 106 
2016-2017,Non-Federal,غير اتحادية ,Ras Al Khaimah,رأس الخيمة,"25.800694 , 55.976200",Local,مواطن,Male,ذكر,7,,,,,,,15,, 22 
2016-2017,Non-Federal,غير اتحادية ,Sharjah,الشارقة ,"25.322327 , 55.513641",Expat,غير مواطن,Female,انثى,"1,554",,21,1,,5,4,130,," 1,715 "
2016-2017,Non-Federal,غير اتحادية ,Sharjah,الشارقة ,"25.322327 , 55.513641",Expat,غير مواطن,Male,ذكر,991,,9,7,,,1,110,," 1,118 "
2016-2017,Non-Federal,غير اتحادية ,Sharjah,الشارقة ,"25.322327 , 55.513641",Local,مواطن,Female,انثى,740,,78,1,,1,1,156,, 977 
2016-2017,Non-Federal,غير اتحادية ,Sharjah,الشارقة ,"25.322327 , 55.513641",Local,مواطن,Male,ذكر,288,,52,10,,,,112,, 462 
2016-2017,Non-Federal,غير اتحادية ,Umm Al Quwain,ام القيوين ,"25.520482 , 55.713391",Expat,غير مواطن,Female,انثى,8,,,,,,,,, 8 
2016-2017,Non-Federal,غير اتحادية ,Umm Al Quwain,ام القيوين ,"25.520482 , 55.713391",Expat,غير مواطن,Male,ذكر,1,,,,,,,,, 1 
2016-2017,Non-Federal,غير اتحادية ,Umm Al Quwain,ام القيوين ,"25.520482 , 55.713391",Local,مواطن,Female,انثى,8,,,,,,,,, 8 
2016-2017,Non-Federal,غير اتحادية ,Umm Al Quwain,ام القيوين ,"25.520482 , 55.713391",Local,مواطن,Male,ذكر,3,,,,,,,,, 3 
2017-2018,Federal,اتحادية,Abu Dhabi,أبوظبي,"24.466667 , 54.366669",Expat,غير مواطن,Female,انثى,434,,4,6,,,,68,, 512 
2017-2018,Federal,اتحادية,Abu Dhabi,أبوظبي,"24.466667 , 54.366669",Expat,غير مواطن,Male,ذكر,228,,2,3,,,,50,, 283 
2017-2018,Federal,اتحادية,Abu Dhabi,أبوظبي,"24.466667 , 54.366669",Local,مواطن,Female,انثى,"2,682",175,58,10,,,,132,," 3,057 "
2017-2018,Federal,اتحادية,Abu Dhabi,أبوظبي,"24.466667 , 54.366669",Local,مواطن,Male,ذكر,987,13,15,6,,,,52,," 1,073 "
2017-2018,Federal,اتحادية,Dubai,دبي ,"25.276987 , 55.296249",Expat,غير مواطن,Female,انثى,36,,1,,,,,1,, 38 
2017-2018,Federal,اتحادية,Dubai,دبي ,"25.276987 , 55.296249",Expat,غير مواطن,Male,ذكر,23,,,,,,,2,, 25 
2017-2018,Federal,اتحادية,Dubai,دبي ,"25.276987 , 55.296249",Local,مواطن,Female,انثى,"1,073",1,17,,,,,5,," 1,096 "
2017-2018,Federal,اتحادية,Dubai,دبي ,"25.276987 , 55.296249",Local,مواطن,Male,ذكر,455,,3,,,,,1,, 459 
2017-2018,Federal,اتحادية,Fujairah,الفجيرة ,"25.133300 , 56.250000",Expat,غير مواطن,Female,انثى,5,,1,,,,,,, 6 
2017-2018,Federal,اتحادية,Fujairah,الفجيرة ,"25.133300 , 56.250000",Expat,غير مواطن,Male,ذكر,4,,,,,,,,, 4 
2017-2018,Federal,اتحادية,Fujairah,الفجيرة ,"25.133300 , 56.250000",Local,مواطن,Female,انثى,260,,8,,,,,,, 268 
2017-2018,Federal,اتحادية,Fujairah,الفجيرة ,"25.133300 , 56.250000",Local,مواطن,Male,ذكر,64,,2,,,,,,, 66 
2017-2018,Federal,اتحادية,Abu Dhabi,أبوظبي,"24.466667 , 54.366669",Local,مواطن,Female,انثى,,49,,,,,,,, 49 
2017-2018,Federal,اتحادية,Ras Al Khaimah,رأس الخيمة,"25.800694 , 55.976200",Expat,غير مواطن,Female,انثى,13,,1,,,,,,, 14 
2017-2018,Federal,اتحادية,Ras Al Khaimah,رأس الخيمة,"25.800694 , 55.976200",Expat,غير مواطن,Male,ذكر,6,,,,,,,,, 6 
2017-2018,Federal,اتحادية,Ras Al Khaimah,رأس الخيمة,"25.800694 , 55.976200",Local,مواطن,Female,انثى,304,2,7,,,,,,, 313 
2017-2018,Federal,اتحادية,Ras Al Khaimah,رأس الخيمة,"25.800694 , 55.976200",Local,مواطن,Male,ذكر,114,,1,,,,,,, 115 
2017-2018,Federal,اتحادية,Sharjah,الشارقة ,"25.322327 , 55.513641",Expat,غير مواطن,Female,انثى,53,,1,,,,,,, 54 
2017-2018,Federal,اتحادية,Sharjah,الشارقة ,"25.322327 , 55.513641",Expat,غير مواطن,Male,ذكر,15,,,,,,,,, 15 
2017-2018,Federal,اتحادية,Sharjah,الشارقة ,"25.322327 , 55.513641",Local,مواطن,Female,انثى,471,1,7,,,,,,, 479 
2017-2018,Federal,اتحادية,Sharjah,الشارقة ,"25.322327 , 55.513641",Local,مواطن,Male,ذكر,173,,5,,,,,,, 178 
2017-2018,Non-Federal,غير اتحادية ,Abu Dhabi,أبوظبي,"24.466667 , 54.366669",Expat,غير مواطن,Female,انثى,990,7,93,3,,491,190,141,," 1,915 "
2017-2018,Non-Federal,غير اتحادية ,Abu Dhabi,أبوظبي,"24.466667 , 54.366669",Expat,غير مواطن,Male,ذكر,665,,61,9,,53,29,174,, 991 
2017-2018,Non-Federal,غير اتحادية ,Abu Dhabi,أبوظبي,"24.466667 , 54.366669",Local,مواطن,Female,انثى,990,183,100,7,,,30,325,69," 1,704 "
2017-2018,Non-Federal,غير اتحادية ,Abu Dhabi,أبوظبي,"24.466667 , 54.366669",Local,مواطن,Male,ذكر,"1,437",27,125,6,,,14,272,25," 1,906 "
2017-2018,Non-Federal,غير اتحادية ,Ajman,عجمان ,"25.244000 , 55.266140",Expat,غير مواطن,Female,انثى,767,,2,,,29,,23,, 821 
2017-2018,Non-Federal,غير اتحادية ,Ajman,عجمان ,"25.244000 , 55.266140",Expat,غير مواطن,Male,ذكر,548,,,,,13,,34,, 595 
2017-2018,Non-Federal,غير اتحادية ,Ajman,عجمان ,"25.244000 , 55.266140",Local,مواطن,Female,انثى,214,,2,,,,,30,, 246 
2017-2018,Non-Federal,غير اتحادية ,Ajman,عجمان ,"25.244000 , 55.266140",Local,مواطن,Male,ذكر,160,,,,,,,60,, 220 
2017-2018,Non-Federal,غير اتحادية ,Dubai,دبي ,"25.276987 , 55.296249",Expat,غير مواطن,Female,انثى,"1,512",15,50,12,1,1,3,414,3," 2,011 "
2017-2018,Non-Federal,غير اتحادية ,Dubai,دبي ,"25.276987 , 55.296249",Expat,غير مواطن,Male,ذكر,"1,030",71,88,7,2,3,6,469,7," 1,683 "
2017-2018,Non-Federal,غير اتحادية ,Dubai,دبي ,"25.276987 , 55.296249",Local,مواطن,Female,انثى,341,3,14,17,,,13,343,, 731 
2017-2018,Non-Federal,غير اتحادية ,Dubai,دبي ,"25.276987 , 55.296249",Local,مواطن,Male,ذكر,785,3,31,5,,2,6,526,1," 1,359 "
2017-2018,Non-Federal,غير اتحادية ,Fujairah,الفجيرة ,"25.133300 , 56.250000",Expat,غير مواطن,Female,انثى,115,,,,,,,,, 115 
2017-2018,Non-Federal,غير اتحادية ,Fujairah,الفجيرة ,"25.133300 , 56.250000",Expat,غير مواطن,Male,ذكر,63,,1,,,,,,, 64 
2017-2018,Non-Federal,غير اتحادية ,Fujairah,الفجيرة ,"25.133300 , 56.250000",Local,مواطن,Female,انثى,122,,1,,,,,24,, 147 
2017-2018,Non-Federal,غير اتحادية ,Fujairah,الفجيرة ,"25.133300 , 56.250000",Local,مواطن,Male,ذكر,89,,2,,,,,8,, 99 
2017-2018,Non-Federal,غير اتحادية ,Abu Dhabi,أبوظبي,"24.466667 , 54.366669",Expat,غير مواطن,Female,انثى,27,,5,,,,,,, 32 
2017-2018,Non-Federal,غير اتحادية ,Abu Dhabi,أبوظبي,"24.466667 , 54.366669",Expat,غير مواطن,Male,ذكر,,47,8,,,,,,, 55 
2017-2018,Non-Federal,غير اتحادية ,Abu Dhabi,أبوظبي,"24.466667 , 54.366669",Local,مواطن,Female,انثى,5,,9,,,,,,, 14 
2017-2018,Non-Federal,غير اتحادية ,Abu Dhabi,أبوظبي,"24.466667 , 54.366669",Local,مواطن,Male,ذكر,,25,22,,,,,,, 47 
2017-2018,Non-Federal,غير اتحادية ,Ras Al Khaimah,رأس الخيمة,"25.800694 , 55.976200",Expat,غير مواطن,Female,انثى,371,,,,,,,12,, 383 
2017-2018,Non-Federal,غير اتحادية ,Ras Al Khaimah,رأس الخيمة,"25.800694 , 55.976200",Expat,غير مواطن,Male,ذكر,184,,,,,,,13,, 197 
2017-2018,Non-Federal,غير اتحادية ,Ras Al Khaimah,رأس الخيمة,"25.800694 , 55.976200",Local,مواطن,Female,انثى,107,,,,,,,48,, 155 
2017-2018,Non-Federal,غير اتحادية ,Ras Al Khaimah,رأس الخيمة,"25.800694 , 55.976200",Local,مواطن,Male,ذكر,11,,,,,,,10,, 21 
2017-2018,Non-Federal,غير اتحادية ,Sharjah,الشارقة ,"25.322327 , 55.513641",Expat,غير مواطن,Female,انثى,"1,570",,48,,,8,,110,," 1,736 "
2017-2018,Non-Federal,غير اتحادية ,Sharjah,الشارقة ,"25.322327 , 55.513641",Expat,غير مواطن,Male,ذكر,"1,127",16,49,10,,7,,107,," 1,316 "
2017-2018,Non-Federal,غير اتحادية ,Sharjah,الشارقة ,"25.322327 , 55.513641",Local,مواطن,Female,انثى,750,,13,3,,51,,163,, 980 
2017-2018,Non-Federal,غير اتحادية ,Sharjah,الشارقة ,"25.322327 , 55.513641",Local,مواطن,Male,ذكر,225,21,8,14,,74,,99,, 441 
2017-2018,Non-Federal,غير اتحادية ,Umm Al Quwain,ام القيوين ,"25.520482 , 55.713391",Expat,غير مواطن,Female,انثى,26,,,,,,,,, 26 
2017-2018,Non-Federal,غير اتحادية ,Umm Al Quwain,ام القيوين ,"25.520482 , 55.713391",Expat,غير مواطن,Male,ذكر,25,,,,,,,,, 25 
2017-2018,Non-Federal,غير اتحادية ,Umm Al Quwain,ام القيوين ,"25.520482 , 55.713391",Local,مواطن,Female,انثى,13,,,,,,,,, 13 
2017-2018,Non-Federal,غير اتحادية ,Umm Al Quwain,ام القيوين ,"25.520482 , 55.713391",Local,مواطن,Male,ذكر,36,3,,,,,,,, 39 
2018-2019,Federal,اتحادية,Abu Dhabi,أبوظبي,"24.466667 , 54.366669",Expat,غير مواطن,Female,انثى,342,,3,9,,,,82,, 436 
2018-2019,Federal,اتحادية,Abu Dhabi,أبوظبي,"24.466667 , 54.366669",Expat,غير مواطن,Male,ذكر,128,,,4,,,,63,, 195 
2018-2019,Federal,اتحادية,Abu Dhabi,أبوظبي,"24.466667 , 54.366669",Local,مواطن,Female,انثى,"2,992",,7,13,,,,192,," 3,204 "
2018-2019,Federal,اتحادية,Abu Dhabi,أبوظبي,"24.466667 , 54.366669",Local,مواطن,Male,ذكر,896,,5,10,,,,95,," 1,006 "
2018-2019,Federal,اتحادية,Dubai,دبي ,"25.276987 , 55.296249",Expat,غير مواطن,Female,انثى,31,,,,,,,,, 31 
2018-2019,Federal,اتحادية,Dubai,دبي ,"25.276987 , 55.296249",Expat,غير مواطن,Male,ذكر,6,,,,,,,,, 6 
2018-2019,Federal,اتحادية,Dubai,دبي ,"25.276987 , 55.296249",Local,مواطن,Female,انثى,"1,077",,18,,,,,7,," 1,102 "
2018-2019,Federal,اتحادية,Dubai,دبي ,"25.276987 , 55.296249",Local,مواطن,Male,ذكر,440,,,,,,,3,, 443 
2018-2019,Federal,اتحادية,Fujairah,الفجيرة ,"25.133300 , 56.250000",Expat,غير مواطن,Female,انثى,1,,,,,,,,, 1 
2018-2019,Federal,اتحادية,Fujairah,الفجيرة ,"25.133300 , 56.250000",Local,مواطن,Female,انثى,198,,,,,,,,, 198 
2018-2019,Federal,اتحادية,Fujairah,الفجيرة ,"25.133300 , 56.250000",Local,مواطن,Male,ذكر,74,,2,,,,,,, 76 
2018-2019,Federal,اتحادية,Ras Al Khaimah,رأس الخيمة,"25.800694 , 55.976200",Expat,غير مواطن,Female,انثى,7,,,,,,,,, 7 
2018-2019,Federal,اتحادية,Ras Al Khaimah,رأس الخيمة,"25.800694 , 55.976200",Expat,غير مواطن,Male,ذكر,1,,,,,,,,, 1 
2018-2019,Federal,اتحادية,Ras Al Khaimah,رأس الخيمة,"25.800694 , 55.976200",Local,مواطن,Female,انثى,288,26,12,,,,,,, 326 
2018-2019,Federal,اتحادية,Ras Al Khaimah,رأس الخيمة,"25.800694 , 55.976200",Local,مواطن,Male,ذكر,82,,1,,,,,,, 83 
2018-2019,Federal,اتحادية,Sharjah,الشارقة ,"25.322327 , 55.513641",Expat,غير مواطن,Female,انثى,26,,,,,,,,, 26 
2018-2019,Federal,اتحادية,Sharjah,الشارقة ,"25.322327 , 55.513641",Expat,غير مواطن,Male,ذكر,6,,,,,,,,, 6 
2018-2019,Federal,اتحادية,Sharjah,الشارقة ,"25.322327 , 55.513641",Local,مواطن,Female,انثى,543,1,2,,,,,,, 546 
2018-2019,Federal,اتحادية,Sharjah,الشارقة ,"25.322327 , 55.513641",Local,مواطن,Male,ذكر,173,,,,,,,,, 173 
2018-2019,Non-Federal,غير اتحادية ,Abu Dhabi,أبوظبي,"24.466667 , 54.366669",Expat,غير مواطن,Female,انثى,962,,80,8,,366,171,157,1," 1,745 "
2018-2019,Non-Federal,غير اتحادية ,Abu Dhabi,أبوظبي,"24.466667 , 54.366669",Expat,غير مواطن,Male,ذكر,732,,50,16,,62,34,108,1," 1,003 "
2018-2019,Non-Federal,غير اتحادية ,Abu Dhabi,أبوظبي,"24.466667 , 54.366669",Local,مواطن,Female,انثى,"1,110",4,128,4,,31,87,516,184," 2,064 "
2018-2019,Non-Federal,غير اتحادية ,Abu Dhabi,أبوظبي,"24.466667 , 54.366669",Local,مواطن,Male,ذكر,"1,204",,99,4,,18,42,449,68," 1,884 "
2018-2019,Non-Federal,غير اتحادية ,Ajman,عجمان ,"25.244000 , 55.266140",Expat,غير مواطن,Female,انثى,757,,27,,,75,10,36,, 905 
2018-2019,Non-Federal,غير اتحادية ,Ajman,عجمان ,"25.244000 , 55.266140",Expat,غير مواطن,Male,ذكر,571,,3,,,16,,35,, 625 
2018-2019,Non-Federal,غير اتحادية ,Ajman,عجمان ,"25.244000 , 55.266140",Local,مواطن,Female,انثى,214,,10,,,3,1,36,, 264 
2018-2019,Non-Federal,غير اتحادية ,Ajman,عجمان ,"25.244000 , 55.266140",Local,مواطن,Male,ذكر,193,,,,,,,48,, 241 
2018-2019,Non-Federal,غير اتحادية ,Dubai,دبي ,"25.276987 , 55.296249",Expat,غير مواطن,Female,انثى,"1,165",25,17,18,11,63,4,464,4," 1,771 "
2018-2019,Non-Federal,غير اتحادية ,Dubai,دبي ,"25.276987 , 55.296249",Expat,غير مواطن,Male,ذكر,"1,024",39,31,8,3,14,9,528,4," 1,660 "
2018-2019,Non-Federal,غير اتحادية ,Dubai,دبي ,"25.276987 , 55.296249",Local,مواطن,Female,انثى,330,1,11,17,,4,3,395,, 761 
2018-2019,Non-Federal,غير اتحادية ,Dubai,دبي ,"25.276987 , 55.296249",Local,مواطن,Male,ذكر,546,3,7,13,,,5,363,, 937 
2018-2019,Non-Federal,غير اتحادية ,Fujairah,الفجيرة ,"25.133300 , 56.250000",Expat,غير مواطن,Female,انثى,28,,,,,,,1,, 29 
2018-2019,Non-Federal,غير اتحادية ,Fujairah,الفجيرة ,"25.133300 , 56.250000",Expat,غير مواطن,Male,ذكر,17,,,,,,,,, 17 
2018-2019,Non-Federal,غير اتحادية ,Fujairah,الفجيرة ,"25.133300 , 56.250000",Local,مواطن,Female,انثى,29,,,,,,,10,, 39 
2018-2019,Non-Federal,غير اتحادية ,Fujairah,الفجيرة ,"25.133300 , 56.250000",Local,مواطن,Male,ذكر,26,,,,,,,22,, 48 
2018-2019,Non-Federal,غير اتحادية ,Ras Al Khaimah,رأس الخيمة,"25.800694 , 55.976200",Expat,غير مواطن,Female,انثى,244,,,,,,,24,, 268 
2018-2019,Non-Federal,غير اتحادية ,Ras Al Khaimah,رأس الخيمة,"25.800694 , 55.976200",Expat,غير مواطن,Male,ذكر,169,,,,,,,11,, 180 
2018-2019,Non-Federal,غير اتحادية ,Ras Al Khaimah,رأس الخيمة,"25.800694 , 55.976200",Local,مواطن,Female,انثى,64,,3,,,,,29,, 96 
2018-2019,Non-Federal,غير اتحادية ,Ras Al Khaimah,رأس الخيمة,"25.800694 , 55.976200",Local,مواطن,Male,ذكر,13,,,,,,,13,, 26 
2018-2019,Non-Federal,غير اتحادية ,Sharjah,الشارقة ,"25.322327 , 55.513641",Expat,غير مواطن,Female,انثى,"1,539",,23,2,,,,119,," 1,683 "
2018-2019,Non-Federal,غير اتحادية ,Sharjah,الشارقة ,"25.322327 , 55.513641",Expat,غير مواطن,Male,ذكر,"1,053",,14,5,,,,101,," 1,173 "
2018-2019,Non-Federal,غير اتحادية ,Sharjah,الشارقة ,"25.322327 , 55.513641",Local,مواطن,Female,انثى,823,,95,6,,,,190,," 1,114 "
2018-2019,Non-Federal,غير اتحادية ,Sharjah,الشارقة ,"25.322327 , 55.513641",Local,مواطن,Male,ذكر,195,,98,17,,,,90,, 400 
2018-2019,Non-Federal,غير اتحادية ,Umm Al Quwain,ام القيوين ,"25.520482 , 55.713391",Expat,غير مواطن,Female,انثى,22,,,,,,,,, 22 
2018-2019,Non-Federal,غير اتحادية ,Umm Al Quwain,ام القيوين ,"25.520482 , 55.713391",Expat,غير مواطن,Male,ذكر,18,,,,,,,,, 18 
2018-2019,Non-Federal,غير اتحادية ,Umm Al Quwain,ام القيوين ,"25.520482 , 55.713391",Local,مواطن,Female,انثى,18,,,,,,,,, 18 
2018-2019,Non-Federal,غير اتحادية ,Umm Al Quwain,ام القيوين ,"25.520482 , 55.713391",Local,مواطن,Male,ذكر,43,,,,,,,,, 43 
